"PRODUCT_IMAGE_ID";"PRODUCT_ID";"IMAGE";"SORT_ORDER"
"";"20311";"http://cdn.chv.me/images/64Ir5Nxh.jpg";"1"
"";"20311";"http://cdn.chv.me/images/64IrWh7l.jpg";"2"
"";"20311";"http://cdn.chv.me/images/64IrCOrh.jpg";"3"
"";"20311";"http://cdn.chv.me/images/64Irgr5k.jpg";"4"
"";"20311";"http://cdn.chv.me/images/64Irm57k.jpg";"5"
"";"20311";"http://cdn.chv.me/images/64Irn4rl.jpg";"6"
"";"20311";"http://cdn.chv.me/images/64Irwpxl.jpg";"7"
"";"20311";"http://cdn.chv.me/images/64IradHl.jpg";"8"
"";"20311";"http://cdn.chv.me/images/64IrEbjm.jpg";"9"
"";"20311";"http://cdn.chv.me/images/64IrnC4l.jpg";"10"
"";"20312";"http://cdn.chv.me/images/94IrGsXt.jpg";"1"
"";"20312";"http://cdn.chv.me/images/94Irdf8t.jpg";"2"
"";"20312";"http://cdn.chv.me/images/94Ir_bwu.jpg";"3"
"";"20312";"http://cdn.chv.me/images/94IrHQOu.jpg";"4"
"";"20312";"http://cdn.chv.me/images/94IrCsnv.jpg";"5"
"";"20312";"http://cdn.chv.me/images/94IrSQou.jpg";"6"
"";"20312";"http://cdn.chv.me/images/94IrXzVu.jpg";"7"
"";"20312";"http://cdn.chv.me/images/94IrS1Nz.jpg";"8"
"";"20312";"http://cdn.chv.me/images/94Irbcwu.jpg";"9"
"";"20312";"http://cdn.chv.me/images/94IrDWdz.jpg";"10"
"";"20313";"http://cdn.chv.me/images/U4IrPOaq.jpg";"1"
"";"20313";"http://cdn.chv.me/images/U4IrIi0r.jpg";"2"
"";"20313";"http://cdn.chv.me/images/U4IrOU5v.jpg";"3"
"";"20313";"http://cdn.chv.me/images/U4Ir0tyq.jpg";"4"
"";"20313";"http://cdn.chv.me/images/U4Irlr6p.jpg";"5"
"";"20313";"http://cdn.chv.me/images/U4IrN07u.jpg";"6"
"";"20313";"http://cdn.chv.me/images/U4Irpnnu.jpg";"7"
"";"20313";"http://cdn.chv.me/images/U4IrwIor.jpg";"8"
"";"20314";"http://cdn.chv.me/images/U4Irctuw.jpg";"1"
"";"20314";"http://cdn.chv.me/images/U4IrnFpw.jpg";"2"
"";"20314";"http://cdn.chv.me/images/U4IrdoPD.jpg";"3"
"";"20314";"http://cdn.chv.me/images/U4IrGZoB.jpg";"4"
"";"20314";"http://cdn.chv.me/images/U4IrYs1A.jpg";"5"
"";"20314";"http://cdn.chv.me/images/U4Ir8QBw.jpg";"6"
"";"20314";"http://cdn.chv.me/images/U4IrfLDA.jpg";"7"
"";"20314";"http://cdn.chv.me/images/U4IrttOB.jpg";"8"
"";"20314";"http://cdn.chv.me/images/U4Irl7cE.jpg";"9"
"";"20328";"http://cdn.chv.me/images/zeJr_NWq.JPG";"1"
"";"20328";"http://cdn.chv.me/images/zeJroRWq.JPG";"2"
"";"20328";"http://cdn.chv.me/images/zeJrBWxr.JPG";"3"
"";"20328";"http://cdn.chv.me/images/zeJrAlms.jpg";"4"
"";"20328";"http://cdn.chv.me/images/zeJrnJYr.JPG";"5"
"";"20346";"http://cdn.chv.me/images/AeJrdM0t.jpg";"1"
"";"20346";"http://cdn.chv.me/images/AeJrKcfu.jpg";"2"
"";"20346";"http://cdn.chv.me/images/AeJrJbGu.jpg";"3"
"";"20346";"http://cdn.chv.me/images/AeJrKo5t.jpg";"4"
"";"20346";"http://cdn.chv.me/images/AeJr1r6u.jpg";"5"
"";"20346";"http://cdn.chv.me/images/AeJrdM0t.jpg";"6"
"";"20346";"http://cdn.chv.me/images/AeJrBCGt.jpg";"7"
"";"20346";"http://cdn.chv.me/images/AeJrQnAv.jpg";"8"
"";"20346";"http://cdn.chv.me/images/AeJrKcfu.jpg";"9"
"";"20346";"http://cdn.chv.me/images/AeJrJbGu.jpg";"10"
"";"20346";"http://cdn.chv.me/images/AeJrKo5t.jpg";"11"
"";"20346";"http://cdn.chv.me/images/mcJrF3Xt.jpg";"12"
"";"20346";"http://cdn.chv.me/images/AeJr1r6u.jpg";"13"
"";"20346";"http://cdn.chv.me/images/AeJrBCGt.jpg";"14"
"";"20346";"http://cdn.chv.me/images/AeJrQnAv.jpg";"15"
"";"20346";"http://cdn.chv.me/images/mcJrF3Xt.jpg";"16"
"";"20355";"http://cdn.chv.me/images/AeJri7QG.jpg";"1"
"";"20355";"http://cdn.chv.me/images/AeJreO3G.jpg";"2"
"";"20355";"http://cdn.chv.me/images/AeJrh-9G.jpg";"3"
"";"20355";"http://cdn.chv.me/images/AeJrrHqH.jpg";"4"
"";"20355";"http://cdn.chv.me/images/b5Ir0Byt.jpg";"5"
"";"20355";"http://cdn.chv.me/images/AeJrYA1G.jpg";"6"
"";"20355";"http://cdn.chv.me/images/AeJr2drG.jpg";"7"
"";"20356";"http://cdn.chv.me/images/AeJraqRK.jpg";"1"
"";"20356";"http://cdn.chv.me/images/b5IrZQOx.jpg";"2"
"";"20356";"http://cdn.chv.me/images/AeJrf-GL.jpg";"3"
"";"20356";"http://cdn.chv.me/images/AeJrg5zL.jpg";"4"
"";"20356";"http://cdn.chv.me/images/AeJr19lL.jpg";"5"
"";"20356";"http://cdn.chv.me/images/AeJrQ09K.jpg";"6"
"";"20356";"http://cdn.chv.me/images/AeJrjyXK.jpg";"7"
"";"20373";"http://cdn.chv.me/images/2gJr0kfE.JPG";"1"
"";"20373";"http://cdn.chv.me/images/2gJrKa0y.JPG";"2"
"";"20373";"http://cdn.chv.me/images/2gJrDQzD.jpg";"3"
"";"20373";"http://cdn.chv.me/images/2gJrkFgz.JPG";"4"
"";"20373";"http://cdn.chv.me/images/2gJr_w-p.JPG";"5"
"";"20373";"http://cdn.chv.me/images/2gJrpd-p.JPG";"6"
"";"20373";"http://cdn.chv.me/images/2gJrWf-p.JPG";"7"
"";"20373";"http://cdn.chv.me/images/2gJrMjUy.JPG";"8"
"";"20373";"http://cdn.chv.me/images/2gJr_w-p.JPG";"9"
"";"20373";"http://cdn.chv.me/images/2gJrkFgz.JPG";"10"
"";"20373";"http://cdn.chv.me/images/2gJrDQzD.jpg";"11"
"";"20373";"http://cdn.chv.me/images/2gJrMjUy.JPG";"12"
"";"20373";"http://cdn.chv.me/images/2gJrKa0y.JPG";"13"
"";"20373";"http://cdn.chv.me/images/2gJr0kfE.JPG";"14"
"";"20373";"http://cdn.chv.me/images/2gJrWf-p.JPG";"15"
"";"20373";"http://cdn.chv.me/images/2gJrpd-p.JPG";"16"
"";"20376";"http://cdn.chv.me/images/ugJr-qCz.jpg";"1"
"";"20376";"http://cdn.chv.me/images/ugJr_Xvi.jpg";"2"
"";"20376";"http://cdn.chv.me/images/ugJrhYei.jpg";"3"
"";"20376";"http://cdn.chv.me/images/ugJrFMLq.jpg";"4"
"";"20376";"http://cdn.chv.me/images/ugJrXwgr.jpg";"5"
"";"20376";"http://cdn.chv.me/images/ugJr6Tkr.jpg";"6"
"";"20376";"http://cdn.chv.me/images/ugJr9C2q.jpg";"7"
"";"20376";"http://cdn.chv.me/images/ugJr-qCz.jpg";"8"
"";"20376";"http://cdn.chv.me/images/ugJrX1tv.jpg";"9"
"";"20376";"http://cdn.chv.me/images/ugJr-qCz.jpg";"10"
"";"20376";"http://cdn.chv.me/images/ugJrhYei.jpg";"11"
"";"20376";"http://cdn.chv.me/images/ugJrX1tv.jpg";"12"
"";"20376";"http://cdn.chv.me/images/ugJrL5rv.jpg";"13"
"";"20376";"http://cdn.chv.me/images/ugJr9C2q.jpg";"14"
"";"20376";"http://cdn.chv.me/images/ugJr6Tkr.jpg";"15"
"";"20376";"http://cdn.chv.me/images/ugJrXwgr.jpg";"16"
"";"20376";"http://cdn.chv.me/images/ugJrFMLq.jpg";"17"
"";"20376";"http://cdn.chv.me/images/ugJr_Xvi.jpg";"18"
"";"20376";"http://cdn.chv.me/images/ugJrhYei.jpg";"19"
"";"20376";"http://cdn.chv.me/images/ugJrX1tv.jpg";"20"
"";"20376";"http://cdn.chv.me/images/ugJrL5rv.jpg";"21"
"";"20376";"http://cdn.chv.me/images/ugJr9C2q.jpg";"22"
"";"20376";"http://cdn.chv.me/images/ugJr6Tkr.jpg";"23"
"";"20376";"http://cdn.chv.me/images/ugJrXwgr.jpg";"24"
"";"20376";"http://cdn.chv.me/images/ugJrFMLq.jpg";"25"
"";"20376";"http://cdn.chv.me/images/ugJr_Xvi.jpg";"26"
"";"20376";"http://cdn.chv.me/images/ugJrL5rv.jpg";"27"